,antigen,antiserum,Random Forest,AdaBoosted,MLP Network,Ensemble
0,a/swine/mexico/9890611/2013,a/beijing/32/1992,3.7929989550679344,3.7,4.079600560682707,3.85753317191688
1,a/swine/mexico/9890611/2013,a/victoria/361/2011,7.304571577847439,7.3,7.370703409873464,7.325091662573633
2,a/swine/mexico/9890611/2013,a/switzerland/9715293/2013,6.647638453500543,6.2,7.052285387408918,6.6333079469698175
3,a/swine/mexico/9890611/2013,a/swine/newyork/a01104005/2011,2.212463054187189,2.0,2.898334261147084,2.3702657717780915
4,a/swine/mexico/9890611/2013,a/swine/iowa/a01480656/2014,4.845454545454548,4.5,6.01353797199093,5.1196641724818255
5,a/swine/mexico/9890611/2013,a/wuhan/359/1995,5.0210778971986025,5.2,4.3946593692701645,4.871912422156256
6,a/swine/mexico/9890611/2013,a/swine/texas/4199-2/1998,4.9753463203463335,5.2,4.91677754732838,5.030707955891571
7,a/swine/mexico/9890611/2013,a/swine/minnesota/02782/2009,1.5712263024331987,2.1,2.778656303539975,2.149960868657725
8,a/swine/mexico/9890611/2013,a/sichuan/02/1987,4.972648902821323,5.0,6.062722793187383,5.34512389866957
