,antigen,antiserum,Random Forest,AdaBoosted,MLP Network,Ensemble
0,a/swine/mexico/84706352130/2015,a/beijing/32/1992,3.92643155694881,4.0,3.2606173712371853,3.7290163093953317
1,a/swine/mexico/84706352130/2015,a/switzerland/9715293/2013,6.4542110762800595,6.7,6.417292191077427,6.523834422452496
2,a/swine/mexico/84706352130/2015,a/swine/newyork/a01104005/2011,5.075909090909113,5.4,5.713607227239372,5.396505439382828
3,a/swine/mexico/84706352130/2015,a/wuhan/359/1995,4.222826541274828,5.2,3.5724158564950965,4.331747465923308
4,a/swine/mexico/84706352130/2015,a/swine/texas/4199-2/1998,4.507168980444856,4.5,4.703031066898429,4.570066682447762
5,a/swine/mexico/84706352130/2015,a/swine/minnesota/02782/2009,5.450971786833879,5.0,6.4805090923749376,5.6438269597362725
6,a/swine/mexico/84706352130/2015,a/philippines/2/1982,6.251841319599942,7.0,6.56953097522308,6.6071240982743396
7,a/swine/mexico/84706352130/2015,a/sichuan/02/1987,4.2359717868338596,4.0,3.7962939720312483,4.010755252955036
8,a/swine/mexico/84706352130/2015,a/portchalmers/1/1973,5.272298850574715,5.0,5.669253713843091,5.313850854805934
