,antigen,antiserum,Random Forest,AdaBoosted,MLP Network,Ensemble
0,a/swine/nebraska/a01271549/2012,a/swine/newyork/a01104005/2011,4.921708463949843,4.8,4.4476005404132986,4.723103001454381
1,a/swine/nebraska/a01271549/2012,a/swine/indiana/a01202866/2011,6.190987460815048,5.9,4.643837915449266,5.578275125421438
2,a/swine/nebraska/a01271549/2012,a/swine/indiana/a00968373/2012,5.178725182863111,4.8,5.280203793858741,5.086309658907284
3,a/swine/nebraska/a01271549/2012,a/swine/iowa/a01202613/2011,5.07947828034035,4.5,4.374634595046248,4.651370958462199
4,a/swine/nebraska/a01271549/2012,a/swine/iowa/a01049750/2011,2.720564263322879,2.5,2.545789127503228,2.5887844636087025
5,a/swine/nebraska/a01271549/2012,a/swine/iowa/a01432500/2013,1.8765673981191215,2.0,1.8761586888742257,1.9175753623311158
6,a/swine/nebraska/a01271549/2012,a/swine/minnesota/a01280592/2013,5.368307210031344,4.9,5.118679919819346,5.128995709950232
