,antigen,antiserum,Random Forest,AdaBoosted,MLP Network,Ensemble
0,a/wuhan/359/1995,a/swine/alberta/sd0049/2014,5.257478123135301,4.885,5.269624199823214,5.137367440986172
1,a/swine/texas/4199-2/1998,a/swine/alberta/sd0049/2014,6.086453455476321,5.546666666666669,6.164056914086759,5.932392345409916
2,a/swine/minnesota/02782/2009,a/swine/alberta/sd0049/2014,4.258866307760221,4.544285714285714,4.107155892568194,4.303435971538043
3,a/swine/indiana/a01729045/2016,a/swine/alberta/sd0049/2014,4.662217558350368,4.91025641025641,4.911851114117797,4.828108360908192
4,a/swine/alberta/sd0049/2014,a/swine/texas/4199-2/1998,6.086453455476321,5.546666666666669,6.164056914086759,5.932392345409916
5,a/swine/alberta/sd0049/2014,a/swine/indiana/a01729045/2016,4.662217558350368,4.91025641025641,4.911851114117797,4.828108360908192
6,a/swine/alberta/sd0049/2014,a/swine/alberta/sd0038/2014,3.234433711773681,3.1313725490196083,3.65993953543642,3.3419152654099036
7,a/swine/alberta/sd0049/2014,a/swine/alberta/sd0049/2014,0.006461962746276092,0.0,0.032848551239452406,0.0131035046619095
8,a/swine/saskatchewan/sd0065/2014,a/swine/alberta/sd0049/2014,5.257478123135301,4.885,5.269624199823214,5.137367440986172
