,antigen,antiserum,Random Forest,AdaBoosted,MLP Network,Ensemble
0,a/beijing/32/1992,a/swine/mexico/9890611/2013,4.258551412871122,4.569999999999999,4.745240589751093,4.524597334207405
1,a/victoria/361/2011,a/swine/mexico/9890611/2013,6.417725267993802,6.042307692307691,6.237578182659269,6.2325370476535875
2,a/switzerland/9715293/2013,a/swine/mexico/9890611/2013,7.666019001026841,7.15,6.851781367666178,7.222600122897673
3,a/swine/newyork/a01104005/2011,a/swine/mexico/9890611/2013,3.8067692017971995,3.586153846153847,3.514801605379278,3.635908217776775
4,a/swine/iowa/a01480656/2014,a/swine/mexico/9890611/2013,3.7142063662054503,3.535714285714288,3.692114583300602,3.64734507840678
5,a/wuhan/359/1995,a/swine/mexico/9890611/2013,4.531665592216066,4.2439024390243905,4.131037404744184,4.30220181199488
6,a/swine/texas/4199-2/1998,a/swine/mexico/9890611/2013,5.2135833274283785,5.059375,4.920809718328522,5.064589348585634
7,a/swine/minnesota/02782/2009,a/swine/mexico/9890611/2013,3.315217814539351,3.0846153846153848,2.5344038462798144,2.97807901514485
8,a/sichuan/02/1987,a/swine/mexico/9890611/2013,6.044034213927433,5.878048780487803,5.7108707969269705,5.877651263780735
