,antigen,antiserum,Random Forest,AdaBoosted,MLP Network,Ensemble
0,a/beijing/32/1992,a/swine/mexico/84706352130/2015,5.249440809410897,5.176470588235295,5.129524994904805,5.185145464183666
1,a/switzerland/9715293/2013,a/swine/mexico/84706352130/2015,7.666185873513462,7.400000000000001,6.8892004695415485,7.318462114351671
2,a/swine/newyork/a01104005/2011,a/swine/mexico/84706352130/2015,6.4207075942108345,6.066666666666667,6.185503960437758,6.224292740438419
3,a/wuhan/359/1995,a/swine/mexico/84706352130/2015,4.34024574697534,4.566666666666666,4.513537265010583,4.473483226217529
4,a/swine/texas/4199-2/1998,a/swine/mexico/84706352130/2015,5.106082845324576,4.933333333333334,5.041526747777059,5.026980975478323
5,a/swine/minnesota/02782/2009,a/swine/mexico/84706352130/2015,5.64072479024684,5.390000000000001,5.657514477671283,5.562746422639374
6,a/philippines/2/1982,a/swine/mexico/84706352130/2015,6.45325252269092,5.907142857142854,6.273502207565506,6.21129919579976
7,a/sichuan/02/1987,a/swine/mexico/84706352130/2015,5.7621533235068965,5.9,6.009507466182271,5.8905535965630555
8,a/portchalmers/1/1973,a/swine/mexico/84706352130/2015,6.411794649096027,6.714285714285714,6.625205728158308,6.583762030513351
