,antigen,antiserum,Random Forest,AdaBoosted,MLP Network,Ensemble
0,a/swine/newyork/a01104005/2011,a/swine/nebraska/a01271549/2012,4.0388018939862675,3.996825396825397,3.968005691712265,4.0012109941746425
1,a/swine/indiana/a01202866/2011,a/swine/nebraska/a01271549/2012,4.180546449669581,4.297468354430379,4.058905574110802,4.178973459403587
2,a/swine/indiana/a00968373/2012,a/swine/nebraska/a01271549/2012,4.180546449669581,4.297468354430379,4.058905574110802,4.178973459403587
3,a/swine/iowa/a01202613/2011,a/swine/nebraska/a01271549/2012,3.7899806675666206,4.047999999999999,4.422505103704947,4.086828590423855
4,a/swine/iowa/a01049750/2011,a/swine/nebraska/a01271549/2012,1.5701599703638962,1.6636363636363638,1.7923835704438695,1.6753933014813764
5,a/swine/iowa/a01432500/2013,a/swine/nebraska/a01271549/2012,2.2543374687176514,2.5875,2.8803715251139135,2.5740696646105214
6,a/swine/minnesota/a01280592/2013,a/swine/nebraska/a01271549/2012,4.121390650222676,4.054794520547946,3.78620592691519,3.9874636992286043
