,antigen,antiserum,Random Forest,AdaBoosted,MLP Network,Ensemble
0,a/swine/alberta/sd0049/2014,a/wuhan/359/1995,4.545990446335272,4.032477788746267,3.963303920648272,4.180590718576603
1,a/swine/alberta/sd0049/2014,a/swine/texas/4199-2/1998,4.473165397820575,3.9333333333333336,2.902540452394584,3.7696797278494976
2,a/swine/alberta/sd0049/2014,a/swine/minnesota/02782/2009,5.783563218390808,5.8,4.414037976223813,5.332533731538207
3,a/swine/alberta/sd0049/2014,a/swine/indiana/a01729045/2016,3.837902672040607,4.6,3.1655724566914847,3.8678250429106966
4,a/swine/alberta/sd0049/2014,a/swine/texas/4199-2/1998,4.473165397820575,3.9333333333333336,2.902540452394584,3.7696797278494976
5,a/swine/alberta/sd0049/2014,a/swine/indiana/a01729045/2016,3.837902672040607,4.6,3.1655724566914847,3.8678250429106966
6,a/swine/alberta/sd0049/2014,a/swine/alberta/sd0038/2014,2.4054075235109704,1.8,1.5194106875604374,1.9082727370238028
7,a/swine/alberta/sd0049/2014,a/swine/alberta/sd0049/2014,0.006461962746276092,0.0,0.00590519158799932,0.004122384778091803
8,a/swine/alberta/sd0049/2014,a/swine/saskatchewan/sd0065/2014,4.816071055381401,3.9,4.2876083782234415,4.334559811201614
