,antigen,antiserum,Random Forest,AdaBoosted,MLP Network,Ensemble
0,a/swine/alberta/sd0049/2014,a/wuhan/359/1995,4.5935997910136015,4.5,4.3583499725749775,4.483983254529528
1,a/swine/alberta/sd0049/2014,a/swine/texas/4199-2/1998,4.424164054336481,4.7,3.0411512772492166,4.055105110528566
2,a/swine/alberta/sd0049/2014,a/swine/minnesota/02782/2009,5.7276123301985455,5.4,5.03870517949562,5.3887725032313885
3,a/swine/alberta/sd0049/2014,a/swine/indiana/a01729045/2016,4.077220480668759,3.8,3.5419949259022947,3.8064051355236854
4,a/swine/alberta/sd0049/2014,a/swine/texas/4199-2/1998,4.424164054336481,4.7,3.0411512772492166,4.055105110528566
5,a/swine/alberta/sd0049/2014,a/swine/indiana/a01729045/2016,4.077220480668759,3.8,3.5419949259022947,3.8064051355236854
6,a/swine/alberta/sd0049/2014,a/swine/alberta/sd0038/2014,2.6031273324376776,2.5,1.6003544964893541,2.2344939429756767
7,a/swine/alberta/sd0049/2014,a/swine/alberta/sd0049/2014,0.011164800620425335,0.010204081632653059,0.0024894272268393552,0.00795276982663925
8,a/swine/alberta/sd0049/2014,a/swine/saskatchewan/sd0065/2014,4.493975966562177,4.5,4.318946631265813,4.437640865942663
