,antigen,antiserum,Random Forest,AdaBoosted,MLP Network,Ensemble
0,a/swine/mexico/9890611/2013,a/beijing/32/1992,3.675572100313485,4.0,4.120197631580871,3.9319232439647855
1,a/swine/mexico/9890611/2013,a/victoria/361/2011,7.191774642981546,6.6,7.884266628496885,7.225347090492811
2,a/swine/mexico/9890611/2013,a/switzerland/9715293/2013,6.728776683087036,6.8,7.1428996693983855,6.890558784161807
3,a/swine/mexico/9890611/2013,a/swine/newyork/a01104005/2011,2.033922973578144,2.1,2.5660058639754397,2.2333096125178606
4,a/swine/mexico/9890611/2013,a/swine/iowa/a01480656/2014,4.799043887147333,4.5,5.713824223821766,5.004289370323034
5,a/swine/mexico/9890611/2013,a/wuhan/359/1995,4.918541850869429,5.2,5.072656607431531,5.063732819433653
6,a/swine/mexico/9890611/2013,a/swine/texas/4199-2/1998,4.914674951485297,5.0,4.600493066762162,4.83838933941582
7,a/swine/mexico/9890611/2013,a/swine/minnesota/02782/2009,1.6202418271383778,1.8,2.7401955568602316,2.053479127999537
8,a/swine/mexico/9890611/2013,a/sichuan/02/1987,4.9508254963427385,5.0,5.8638303950916075,5.27155196381145
