,antigen,antiserum,Random Forest,AdaBoosted,MLP Network,Ensemble
0,a/swine/mexico/84706352130/2015,a/beijing/32/1992,3.9259143155694973,4.0,3.723272304676076,3.883062206748524
1,a/swine/mexico/84706352130/2015,a/switzerland/9715293/2013,6.518834900731437,6.8,6.8357674535546575,6.718200784762032
2,a/swine/mexico/84706352130/2015,a/swine/newyork/a01104005/2011,5.105141065830737,5.4,6.4167423733726565,5.640627813067797
3,a/swine/mexico/84706352130/2015,a/wuhan/359/1995,4.301489028213173,4.8,3.830657243954944,4.310715424056039
4,a/swine/mexico/84706352130/2015,a/swine/texas/4199-2/1998,4.689519331243465,4.3,4.8177156767306615,4.6024116693247095
5,a/swine/mexico/84706352130/2015,a/swine/minnesota/02782/2009,5.442842215256026,5.4,6.576049251333313,5.806297155529778
6,a/swine/mexico/84706352130/2015,a/philippines/2/1982,6.055825496342738,7.0,6.9256745900808605,6.660500028807866
7,a/swine/mexico/84706352130/2015,a/sichuan/02/1987,4.209064785788926,4.0,3.9905990611678943,4.066554615652272
8,a/swine/mexico/84706352130/2015,a/portchalmers/1/1973,5.16603448275862,5.0,5.440207584138036,5.202080688965552
