,antigen,antiserum,Random Forest,AdaBoosted,MLP Network,Ensemble
0,a/swine/nebraska/a01271549/2012,a/swine/newyork/a01104005/2011,4.904629049111803,4.8,3.2595905784888033,4.321406542533536
1,a/swine/nebraska/a01271549/2012,a/swine/indiana/a01202866/2011,6.060088819226759,5.5,4.057381427768738,5.205823415665166
2,a/swine/nebraska/a01271549/2012,a/swine/indiana/a00968373/2012,5.181233019853702,5.0,4.0461963901698885,4.7424764700078645
3,a/swine/nebraska/a01271549/2012,a/swine/iowa/a01202613/2011,5.134294670846388,5.166666666666667,4.184223457623824,4.8283949317122925
4,a/swine/nebraska/a01271549/2012,a/swine/iowa/a01049750/2011,2.6618129571577853,2.2,1.8418576594462388,2.2345568722013414
5,a/swine/nebraska/a01271549/2012,a/swine/iowa/a01432500/2013,1.9264804448425148,1.8,1.7717551551334902,1.8327451999920017
6,a/swine/nebraska/a01271549/2012,a/swine/minnesota/a01280592/2013,5.197676767676762,4.9,3.6857256154775655,4.594467461051443
